title,address,opening_hrs,website,phone,plus_code,review,total number of reviews
EB Games,"25 Peel Centre Dr, Brampton, ON L6T 3R5, Canada",opening hr not provided,ebgames.ca,+1 905-793-9813,"P77H+X3 Brampton, Ontario, Canada",3.5,262 reviews
EBX Games Square One,"100 City Centre Dr #2-115, Mississauga, ON L5B 2C9, Canada",Closed. Opens at 11:00 am,ebgames.ca,+1 905-279-6920,"H9V4+28 Mississauga, Ontario, Canada",3.8,264 reviews
Game Hoard,"148 Queen St E #5, Brampton, ON L6V 1B2, Canada",Closed. Opens at 12:00 pm,facebook.com,+1 905-451-4263,"M6RW+H5 Brampton, Ontario, Canada",4.6,356 reviews
Game Shack,"25 Peel Centre Dr Unit 403A, Brampton, ON L6T 3R5, Canada",Closed. Opens at 12:00 pm,gameshack.ca,+1 905-458-7065,"P78G+3J Brampton, Ontario, Canada",4.5,128 reviews
GAMING,adress not available,opening hr not provided,website not available,+1 647-906-2400,plus code available,review not available,not available
Gaming World News,adress not available,Open now: Open 24 hours,gamingworldnews.website,+1 647-709-0832,plus code available,5.0,1 review
EB Games,"QUEEN'S SQUARE CENTRE, 181 N Queen St, Etobicoke, ON M9C 1A7, Canada",Closed. Opens at 10:00 am,ebgames.ca,+1 416-621-2600,"JC8V+JR Etobicoke, Toronto, ON, Canada",4.2,137 reviews
Game Hoard,"1077 N Service Rd #37, Mississauga, ON L4Y 1A6, Canada",Closed. Opens at 12:00 pm,facebook.com,+1 905-275-7529,"HCVF+3W Mississauga, Ontario, Canada",4.2,153 reviews
Dungeon Runners Toronto,adress not available,Closed. Opens at 5:00 pm,dungeonrunners.ca,+1 289-805-6175,plus code available,5.0,2 reviews
Video Game Experts,"5150 Dixie Rd Unit #4, Mississauga, ON L4W 1C9, Canada",Closed. Opens at 11:00 am,gameexperts.ca,+1 905-581-1279,"J9QG+24 Mississauga, Ontario, Canada",4.7,112 reviews
We Got Gamez Mississauga,"377 Burnhamthorpe Rd E, Mississauga, ON L5A 3Y1, Canada",Closed. Opens at 11:00 am,facebook.com,+1 905-803-0754,"J93F+64 Mississauga, Ontario, Canada",4.7,93 reviews
WE GOT GAMES,"499 Main St S, Brampton, ON L6Y 1N7, Canada",Closed. Opens at 10:00 am,wegotgames.ca,+1 905-451-9090,"M786+8G Brampton, Ontario, Canada",4.3,77 reviews
SaugaGamers,adress not available,Closed. Opens at 11:00 am,saugagamers.com,+1 855-255-6786,plus code available,4.6,54 reviews
EB Games,"8995 Airport Rd, Brampton, ON L6T 5T2, Canada",Closed. Opens at 7:00 am,ebgames.ca,+1 905-790-9262,"P8V4+8H Brampton, Ontario, Canada",2.8,55 reviews
EB Games,"Town Centre, 5100 Erin Mills Pkwy Unit E222, Mississauga, ON L5M 4Z5, Canada",Closed. Opens at 11:00 am,ebgames.ca,+1 905-607-5250,"H75Q+9G Mississauga, Ontario, Canada",4.4,150 reviews
SaugaGamers,adress not available,Closed. Opens at 11:00 am,saugagamers.com,+1 855-255-6786,plus code available,review not available,not available
Mind Games,"100 City Centre Dr, Mississauga, ON L5B 2C9, Canada",Closed. Opens at 11:00 am,mindgames.ca,+1 905-232-4044,plus code available,4.0,8 reviews
EB Games,"150 Great Lakes Dr #132B, Brampton, ON L6R 2S5, Canada",Closed. Opens at 10:00 am,ebgames.ca,+1 905-790-0554,"P6JM+4V Brampton, Ontario, Canada",3.8,191 reviews
EB Games,"Highway 7 & Airport Rd, 2880 Queen St E Unit C7, Brampton, ON L6T 3G1, Canada",Closed. Opens at 10:00 am,ebgames.ca,+1 905-792-1844,"P8V2+2G Brampton, Ontario, Canada",4.3,158 reviews
Game Palace,adress not available,Open now: Open 24 hours,gamepalace.ca,Phone not available,plus code available,5.0,5 reviews
Game Palace,adress not available,Open now: Open 24 hours,gamepalace.ca,Phone not available,plus code available,5.0,5 reviews
EB Games,"6045 Mavis Rd, Mississauga, ON L5R 4G6, Canada",Closed. Opens at 10:00 am,ebgames.ca,+1 905-568-7688,"J873+8W Mississauga, Ontario, Canada",3.9,189 reviews
We Got Games Etobicoke,"Albion Center, 1530 Albion Rd, Etobicoke, ON M9V 1B4, Canada",Closed. Opens at 10:00 am,wegotgames.ca,+1 647-341-1990,"PCR8+Q6 Etobicoke, Toronto, ON, Canada",4.0,37 reviews
Game Hoard,"280 Guelph St, Georgetown, ON L7G 4B1, Canada",opening hr not provided,facebook.com,+1 905-873-1010,"J4X2+9M Georgetown, Halton Hills, ON, Canada",4.5,119 reviews
YardSports - Toronto,"5155 Spectrum Way #37, Mississauga, ON L4W 5A1, Canada",opening hr not provided,yardsports.store,+1 905-624-2063,"M92Q+6H Mississauga, Ontario, Canada",review not available,not available
Game Oasis,"151 Carlingview Dr Unit 7, Etobicoke, ON M9W 5S4, Canada",opening hr not provided,website not available,Phone not available,"MCH5+XV Etobicoke, Toronto, ON, Canada",review not available,not available
GAME HOARD,"250 The East Mall, Etobicoke, ON M9B 3Y8, Canada",opening hr not provided,gamehoard.com,+1 416-233-7757,"JCJV+FQ Etobicoke, Toronto, ON, Canada",4.2,5 reviews
EB Games,"SMARTCENTRE BOLTON, 40 McEwan Dr E, Bolton, ON L7E 2Y3, Canada",Closed. Opens at 10:00 am,ebgames.ca,+1 905-951-9710,"V77P+7Q Caledon, Ontario, Canada",4.3,87 reviews
Warhammer,"5955 Latimer Dr #2, Mississauga, ON L5V 0B7, Canada",Closed. Opens at 12:00 pm,games-workshop.com,+1 905-858-2232,"J853+P4 Mississauga, Ontario, Canada",4.6,102 reviews
LVLUP GAMES,"833 Westlock Rd Unit #9, Mississauga, ON L5C 1K7, Canada",Closed. Opens at 12:00 pm,lvlupgames.ca,+1 289-444-0147,"H985+Q5 Mississauga, Ontario, Canada",4.9,185 reviews
EB Games,"2150 Burnhamthorpe Rd W, Mississauga, ON L5L 3A2, Canada",Closed. Opens at 10:00 am,ebgames.ca,+1 905-607-4536,"G8W9+34 Mississauga, Ontario, Canada",4.3,91 reviews
Nintendo store,"377 Burnhamthorpe Rd E, Mississauga, ON L5A 3Y1, Canada",opening hr not provided,website not available,Phone not available,"J93F+67 Mississauga, Ontario, Canada",5.0,3 reviews
Koros Games,"113 Broadway, Orangeville, ON L9W 1K2, Canada",Closed. Opens at 12:00 pm,korosgames.ca,+1 519-941-8686,"WW93+WW Orangeville, Ontario, Canada",4.6,105 reviews
Dragon World Card Games & Collectibles,"22 Main St S 2nd Floor, Brampton, ON L6W 2C3, Canada",Closed. Opens at 12:00 pm,dragontcg.crystalcommerce.com,+1 905-965-5830,"M6PR+79 Brampton, Ontario, Canada",4.9,61 reviews
Emmy The Gamer,"7 Masseyfield St, Brampton, ON L6P 3E1, Canada",Open now: Open 24 hours,website not available,+1 647-572-4551,"Q8GV+7P Brampton, Ontario, Canada",review not available,not available
Jack Game shop,"360 Guelph St, Georgetown, ON L7G 4B5, Canada",opening hr not provided,website not available,Phone not available,"J4X9+9C Georgetown, Halton Hills, ON, Canada",review not available,not available
EB Games,"Clarkson Crossing, 960 Southdown Rd C14, Mississauga, ON L5J 2Y4, Canada",Closed. Opens at 10:00 am,ebgames.ca,+1 905-403-9411,"G959+RM Mississauga, Ontario, Canada",4.3,85 reviews
PRescue,"70 Soldier St, Brampton, ON L7A 4B7, Canada",Open now: Open 24 hours,marclaflamme.com,Phone not available,"M5H6+X8 Brampton, Ontario, Canada",5.0,1 review
board-games.ca,adress not available,Open now: Open 24 hours,board-games.ca,Phone not available,plus code available,review not available,not available
iptv brampton,adress not available,Closed. Opens at 10:00 am,contactiptv.com,+1 416-907-2929,plus code available,3.9,7 reviews
Mind Games,"13850 Steeles Ave W, Halton Hills, ON L7G 0J1, Canada",Closed. Opens at 10:00 am,mindgames.ca,+1 905-636-5848,"H5G9+7X Halton Hills, Ontario, Canada",3.8,20 reviews
Best Buy,"25 Peel Centre Dr Unit 451, Brampton, ON L6T 3R5, Canada",opening hr not provided,stores.bestbuy.ca,+1 905-494-2179,"P77H+R5 Brampton, Ontario, Canada",3.7,"2,893 reviews"
The Source,"25 Peel Centre Dr Unit 608, Brampton, ON L6T 3R5, Canada",Closed. Opens at 11:00 am,thesource.ca,+1 905-793-1323,"P78H+58 Brampton, Ontario, Canada",3.8,176 reviews
EB Games,"Oakville Place, 240 Leighland Ave Unit 208, Oakville, ON L6H 3H6, Canada",opening hr not provided,ebgames.ca,+1 905-339-3059,"F867+JC Oakville, Ontario, Canada",4.0,200 reviews
EB Games,"RioCan Colossus Centre, 21 Famous Avenue, Unit 2, Vaughan, ON L4L 0B6, Canada",Closed. Opens at 10:00 am,ebgames.ca,+1 905-264-2166,"QFQ4+G3 Vaughan, Ontario, Canada",4.1,118 reviews
QuoteTheAnime,adress not available,Open now: Open 24 hours,quotetheanime.com,+1 647-981-9558,plus code available,review not available,not available
Xscape,"1025 The Queensway, Etobicoke, ON M8Z 6C7, Canada",opening hr not provided,website not available,Phone not available,"JFCP+C2 Etobicoke, Toronto, ON, Canada",review not available,not available
The Source,"100 City Centre Dr, Mississauga, ON L5B 2C9, Canada",Closed. Opens at 11:00 am,thesource.ca,+1 905-275-1286,"H9V5+62 Mississauga, Ontario, Canada",3.7,320 reviews
EB Games,"Dorval Crossing East, 210 North Service Rd W, Oakville, ON L6M 2Y1, Canada",Closed. Opens at 10:00 am,ebgames.ca,+1 905-338-8650,"C7XX+8J Oakville, Ontario, Canada",4.4,121 reviews
Games Workshop,"8401 Weston Rd, Woodbridge, ON L4L 1A6, Canada",Closed. Opens at 12:00 pm,games-workshop.com,+1 905-850-0935,"RC4X+RM Vaughan, Ontario, Canada",4.9,106 reviews
EB Games,"1 Bass Pro Mills Dr #751, Concord, ON L4K 5W4, Canada",opening hr not provided,ebgames.ca,+1 905-738-4430,"RFG7+3W Vaughan, Ontario, Canada",3.9,219 reviews
Calendar Club,"5100 Erin Mills Pkwy, Mississauga, ON L5M 4Z5, Canada",opening hr not provided,calendarclub.ca,+1 905-867-5283,"H75Q+86 Mississauga, Ontario, Canada",5.0,2 reviews
EB Games,"369 Mountainview Rd S #3, Georgetown, ON L7G 5X3, Canada",Closed. Opens at 10:00 am,ebgames.ca,+1 905-702-9494,"J4JF+MJ Georgetown, Halton Hills, ON, Canada",3.9,314 reviews
Sunrise Records,"Bramalea City Centre, 25 Peel Centre Dr, Brampton, ON L6T 3R5, Canada",opening hr not provided,sunriserecords.com,+1 905-793-0488,"P78H+H4 Brampton, Ontario, Canada",4.2,203 reviews
Best Buy,"6075 Mavis Rd Unit 1, Mississauga, ON L5R 4G6, Canada",opening hr not provided,stores.bestbuy.ca,+1 905-361-8251,"J873+R5 Mississauga, Ontario, Canada",3.7,"2,919 reviews"
Red Player Games,"92 Eaton St, Georgetown, ON L7G 5T2, Canada",opening hr not provided,redplayergames.com,+1 905-691-6720,"J4J6+F2 Georgetown, Halton Hills, ON, Canada",5.0,5 reviews
EB Games,"1290 Steeles Ave E #12, Milton, ON L9T 6R1, Canada",Closed. Opens at 10:00 am,ebgames.ca,+1 905-876-4476,"G4VJ+FQ Milton, Ontario, Canada",4.1,97 reviews
Video Games Plus,"1068 Wilson Ave, North York, ON M3K 1G6, Canada",Closed. Opens at 10:00 am,videogamesplus.ca,+1 416-636-5774,"PGH9+9X North York, Toronto, ON, Canada",4.1,244 reviews
Dicey Business Inc. (LLBO) - Escape Rooms and Board Game Cafe,"6905 Millcreek Dr, Mississauga, ON L5N 6A3, Canada",Closed. Opens at 12:00 pm,dicey.biz,+1 647-800-3107,"H6WV+F2 Mississauga, Ontario, Canada",4.7,230 reviews
Player One Showroom,"6420 Viscount Rd, Mississauga, ON L4V 1H3, Canada",Closed. Opens at 9:00 am,winwithp1ag.com,+1 416-251-2122,"M9VF+GR Mississauga, Ontario, Canada",4.2,25 reviews
Cardboard Memories,"230 Sandalwood Pkwy E #2, Brampton, ON L6Z 1R3, Canada",Closed. Opens at 10:00 am,cardboardmemories.ca,+1 905-846-1058,"P6J5+6W Brampton, Ontario, Canada",4.6,300 reviews
Toyratt Retro Games And Vinyl Records VHS Tapes,"781 Main St E #19, Milton, ON L9T 5A9, Canada",Closed. Opens at 11:00 am,toyratt.ca,+1 905-334-3595,"G4GH+8P Milton, Ontario, Canada",4.7,484 reviews
De Code Adventures,"4-6620 Kitimat Rd, Mississauga, ON L5N 2B8, Canada",Closed today,decodecanada.com,+1 905-858-2633,"J737+2H Mississauga, Ontario, Canada",4.5,496 reviews
The Upper hand,"2150 Burnhamthorpe Rd W, Mississauga, ON L5L 3A2, Canada",Closed. Opens at 10:00 am,theupperhand.ca,+1 905-607-1116,"G8V8+CR Mississauga, Ontario, Canada",4.2,142 reviews
Best Buy,"2975 Argentia Rd, Mississauga, ON L5N 0A2, Canada",opening hr not provided,stores.bestbuy.ca,+1 905-285-9948,"H6X7+RX Mississauga, Ontario, Canada",3.9,"1,330 reviews"
Calendar Club,"13850 Steeles Ave, Georgetown, ON L7G 0J1, Canada",opening hr not provided,calendarclub.ca,+1 647-394-1591,"H5G9+6V Georgetown, Halton Hills, ON, Canada",review not available,not available
Calendar Club,"25 The West Mall, Etobicoke, ON M9C 1B8, Canada",Closed. Opens at 12:00 pm,calendarclub.ca,+1 416-579-0504,"JC6V+P5 Etobicoke, Toronto, ON, Canada",review not available,not available
Best Buy Distribution Centre,"9250 Airport Rd, Brampton, ON L6S 6K5, Canada",Closed. Opens at 11:00 am,stores.bestbuy.ca,+1 905-494-7272,"P7XW+G6 Brampton, Ontario, Canada",3.8,240 reviews
The Source,"74 Quarry Edge Dr, Brampton, ON L6V 4K2, Canada",Closed. Opens at 11:00 am,thesource.ca,+1 905-450-8164,"P647+FV Brampton, Ontario, Canada",3.5,120 reviews
Game Shack,"39 Orfus Rd, North York, ON M6A 1L7, Canada",Closed. Opens at 10:00 am,gameshack.ca,+1 416-351-7065,"PG9R+QF North York, Toronto, ON, Canada",4.3,166 reviews
A & C Games,"452 Spadina Ave, Toronto, ON M5T 2G8, Canada",Closed. Opens at 12:00 pm,acgamesonline.com,+1 416-923-3066,"MH4X+WX Toronto, Ontario, Canada",4.6,"1,383 reviews"
Busters Pawn,"295 Queen St E, Brampton, ON L6W 3R1, Canada",Closed. Opens at 10:00 am,busterspawn.ca,+1 905-457-5770,"P737+52 Brampton, Ontario, Canada",4.0,107 reviews
Meadowvale Town Centre,"6677 Meadowvale Town Centre Cir, Mississauga, ON L5N 2R5, Canada",Closed. Opens at 10:00 am,meadowvaletowncentre.ca,+1 905-826-9447,"H6JR+H6 Mississauga, Ontario, Canada",4.0,"5,332 reviews"
Game Centre,"705 Danforth Ave, Toronto, ON M4J 1L2, Canada",Closed. Opens at 11:00 am,facebook.com,+1 416-925-4951,"MMH4+JH Toronto, Ontario, Canada",4.5,228 reviews
The Source,"150 Great Lakes Dr #133, Brampton, ON L6R 2K7, Canada",Closed. Opens at 11:00 am,thesource.ca,+1 905-790-9396,"P6JM+5V Brampton, Ontario, Canada",3.8,76 reviews
Buy N Sell City,"6435 Erin Mills Pkwy, Mississauga, ON L5N 4H4, Canada",Closed. Opens at 11:00 am,buynsellcity.com,+1 905-858-9533,"H7P5+RP Mississauga, Ontario, Canada",3.6,84 reviews
The Source,"5100 Erin Mills Pkwy UNIT # E200, Mississauga, ON L5M 4Z5, Canada",Closed. Opens at 11:00 am,thesource.ca,+1 905-569-9772,"H75Q+FM Mississauga, Ontario, Canada",3.9,199 reviews
Legends Warehouse,"643 Chrislea Rd, Woodbridge, ON L4L 8A3, Canada",Closed. Opens at 11:00 am,legendswarehouse.ca,+1 905-264-8830,"RF44+X6 Vaughan, Ontario, Canada",4.6,257 reviews
Sunrise Records,"25 The West Mall #1915A, Etobicoke, ON M9C 1B8, Canada",Closed. Opens at 10:00 am,sunriserecords.com,+1 416-551-7522,"JC6R+GJ Etobicoke, Toronto, ON, Canada",4.3,190 reviews
Anton Gunaratnam's Studio Academy Inc.,"60 Queen St E, Brampton, ON L6V 1A9, Canada",Closed. Opens at 6:00 am,themichelangelocode.com,+1 905-790-0361,"M6QR+2J Brampton, Ontario, Canada",review not available,not available
EB Games,"2471 St Clair Ave W #1B, Toronto, ON M6N 4Z5, Canada",opening hr not provided,ebgames.ca,+1 416-769-1661,"MG98+C9 Toronto, Ontario, Canada",4.4,234 reviews
Best Buy,"2500 Winston Park Dr Unit A, Oakville, ON L6H 7E5, Canada",opening hr not provided,stores.bestbuy.ca,+1 905-829-2034,"G887+GJ Oakville, Ontario, Canada",3.9,"2,431 reviews"
JOGi MODS,"8 Briardale Rd, Brampton, ON L7A 1S6, Canada",Closed. Opens at 10:00 am,jogimods.com,+1 905-846-0309,"M5PM+8V Brampton, Ontario, Canada",4.5,240 reviews
Hallmark Billiards,"5200 Dixie Rd 1 & 2, Mississauga, ON L4W 1E4, Canada",Closed. Opens at 9:30 am,hallmarkbilliards.com,+1 905-629-8082,"J9QF+R6 Mississauga, Ontario, Canada",4.1,25 reviews
Calendar Club,"250 The East Mall, Etobicoke, ON M9B 3Y8, Canada",opening hr not provided,calendarclub.ca,+1 416-526-3583,"JCJV+XC Etobicoke, Toronto, ON, Canada",5.0,2 reviews
Sunrise Records,"Town Centre, 5100 Erin Mills Pkwy, Mississauga, ON L5M 4Z5, Canada",opening hr not provided,sunriserecords.com,+1 905-997-6755,"H75Q+95 Mississauga, Ontario, Canada",4.7,13 reviews
Coolshrimp Modz,"410 &, Williams Pkwy, Brampton, ON L6S 3Y2, Canada",Closed. Opens at 11:00 am,coolshrimpmodz.com,+1 289-752-4086,"P782+7H Brampton, Ontario, Canada",4.0,9 reviews
Cash Pawn,"1310 Dundas St E, Mississauga, ON L4Y 4G4, Canada",Closed. Opens at 10:00 am,busterspawn.ca,+1 905-276-3800,"JC47+WW Mississauga, Ontario, Canada",3.1,78 reviews
Best Buy Appliance Clearance Centre,"9200 Airport Rd, Brampton, ON L6S 6G6, Canada",opening hr not provided,stores.bestbuy.ca,+1 905-494-7400,"P7WV+XJ Brampton, Ontario, Canada",3.6,21 reviews
The Source,"280 Guelph St Unit 26, Georgetown, ON L7G 4B1, Canada",Closed. Opens at 11:00 am,thesource.ca,+1 905-877-0944,"J4X2+GG Georgetown, Halton Hills, ON, Canada",4.3,46 reviews
THE LAST CUE Billiard Club,"158 Kennedy Rd S Unit 12, Brampton, ON L6W 3G7, Canada",opening hr not provided,facebook.com,+1 647-886-2664,"M7J9+PX Brampton, Ontario, Canada",4.1,181 reviews
DeSerres,"2501 Hyde Park Gate, Oakville, ON L6H 6G6, Canada",Closed. Opens at 11:00 am,deserres.ca,+1 905-829-9181,"G886+FW Oakville, Ontario, Canada",4.6,439 reviews
Green Dragon CVR,"3550 Rutherford Rd #81, Woodbridge, ON L4H 2J3, Canada",opening hr not provided,greendragoncvr.com,+1 647-271-5744,"RFH2+65 Vaughan, Ontario, Canada",5.0,56 reviews
Games Workshop,"491 Appleby Line Unit #9, Burlington, ON L7L 2Y4, Canada",Closed. Opens at 11:00 am,games-workshop.com,+1 905-634-4584,"969W+85 Burlington, Ontario, Canada",4.2,55 reviews
EBGames CENTREPOINT MALL,"6444 Yonge Street undefined, Toronto, ON M2M 3X4, Canada",opening hr not provided,ebgames.ca,+1 416-225-3665,"QHWH+C4 Toronto, Ontario, Canada",5.0,3 reviews
Nintendo Kiosk,"300 Borough Dr, Scarborough, ON M1P 4P5, Canada",opening hr not provided,nintendo.com,+1 647-772-2925,"QPGR+8H Scarborough, Toronto, ON, Canada",4.6,7 reviews
EB Games,"9350 Yonge St, Richmond Hill, ON L4C 5G2, Canada",opening hr not provided,ebgames.ca,+1 905-787-8186,"VH37+M3 Richmond Hill, Ontario, Canada",4.3,117 reviews
EB Games,"1900 Eglinton Ave E Space E9, Scarborough, ON M1L 2L9, Canada",Closed. Opens at 10:00 am,ebgames.ca,+1 416-755-7927,"PPG4+XJ Scarborough, Toronto, ON, Canada",4.3,227 reviews
Games Workshop,"3251 Yonge St, Toronto, ON M4N 2L5, Canada",Closed. Opens at 12:00 pm,games-workshop.com,+1 647-428-7122,"PHHW+JV Toronto, Ontario, Canada",4.7,185 reviews
Strategy Games,"701 Mt Pleasant Rd, Toronto, ON M4S 2N4, Canada",Closed. Opens at 10:00 am,strategygames.ca,+1 416-486-3395,"PJ46+H8 Toronto, Ontario, Canada",3.3,30 reviews
Sunrise Records,"Cloverdale Mall, 250 The East Mall, Etobicoke, ON M9B 3Y8, Canada",opening hr not provided,sunriserecords.com,+1 416-236-9891,"JCJV+HV Etobicoke, Toronto, ON, Canada",4.2,101 reviews
EB Games,"Burlington Mall, 777 Guelph Line Space H12, Burlington, ON L7R 3N2, Canada",opening hr not provided,ebgames.ca,+1 905-639-9832,"86X4+28 Burlington, Ontario, Canada",4.1,137 reviews
Hobby And Toy Central,"5875 Rodeo Dr Unit 5, Mississauga, ON L5R 4G6, Canada",Closed. Opens at 3:00 pm,hobbyandtoycentral.com,+1 905-766-0300,"J855+XM Mississauga, Ontario, Canada",4.3,74 reviews
F.G. Bradley’s,"1800 Sheppard Ave E, North York, ON M2J 5A7, Canada",Closed. Opens at 11:00 am,fgbradleys.com,+1 416-494-0094,"QMH4+4V North York, Toronto, ON, Canada",4.3,131 reviews
EB Games,"Markville Shopping Centre, 5000 Highway 7 East, Unit 11, Markham, ON L3R 4M9, Canada",opening hr not provided,ebgames.ca,+1 905-475-7824,"VP96+76 Markham, Ontario, Canada",4.0,161 reviews
The Sword & Board,"1193 Bloor St W, Toronto, ON M6H 1N4, Canada",Closed. Opens at 11:00 am,theswordandboardtoronto.com,+1 647-350-7529,"MH56+F8 Toronto, Ontario, Canada",4.5,253 reviews
Navi Wireless,"2541 Finch Ave W, North York, ON M9M 2G1, Canada",Closed. Opens at 11:00 am,naviwireless.com,+1 647-430-7717,"PCXW+PF North York, Toronto, ON, Canada",4.0,45 reviews
EB Games,"17600 Yonge St e16, Newmarket, ON L3Y 4Z1, Canada",opening hr not provided,ebgames.ca,+1 905-853-1695,"3G47+FJ Newmarket, Ontario, Canada",4.1,178 reviews
"Toys""R""Us","3150 Argentia Rd, Mississauga, ON L5N 0B1, Canada",Closed. Opens at 11:00 am,toysrus.ca,+1 905-785-3335,"H6V7+34 Mississauga, Ontario, Canada",3.7,264 reviews
Three Kingdoms Games Markham,"112 Main St N, Markham, ON L3P 1Y1, Canada",Closed. Opens at 11:00 am,threekingdomsgames.com,+1 905-554-6854,"VPHQ+5H Markham, Ontario, Canada",4.8,153 reviews
Apple Square One,"100 City Centre Dr, Mississauga, ON L5B 2C9, Canada",Closed. Opens at 11:00 am,apple.com,+1 905-366-0580,"H9R4+RP Mississauga, Ontario, Canada",3.7,"1,671 reviews"
Skywing World,adress not available,Open now: Open 24 hours,skywingworld.com,+1 416-856-3820,plus code available,4.9,14 reviews
Scientific Games Canada,"1820 Matheson Blvd, Mississauga, ON L4W 0B3, Canada",opening hr not provided,scientificgames.com,Phone not available,"J9QH+8V Mississauga, Ontario, Canada",review not available,not available
Spataro's No Frills,"8990 Chinguacousy Rd, Brampton, ON L6Y 5X6, Canada",Closed. Opens at 8:00 am,nofrills.ca,+1 866-987-6453,"M679+RF Brampton, Ontario, Canada",4.0,"1,852 reviews"
ToysRUs,"690 Evans Ave, Etobicoke, ON M9C 1A1, Canada",Closed. Opens at 11:00 am,toysrus.ca,+1 416-621-8697,"JC5V+VJ Etobicoke, Toronto, ON, Canada",3.7,520 reviews
Best Buy,"10 Old Stock Yards Rd, Toronto, ON M6N 5G8, Canada",opening hr not provided,stores.bestbuy.ca,+1 416-766-1577,"MG9H+M9 Toronto, Ontario, Canada",3.9,"1,512 reviews"
Farzin's No Frills,"345 Main St N, Brampton, ON L6X 1N6, Canada",Closed. Opens at 8:00 am,nofrills.ca,+1 866-987-6453,"M6VH+7M Brampton, Ontario, Canada",4.0,"2,204 reviews"
Rocky's No Frills,"70 Clementine Dr, Brampton, ON L6Y 0L8, Canada",Closed. Opens at 8:00 am,nofrills.ca,+1 866-987-6453,"J6VV+PW Brampton, Ontario, Canada",4.1,"2,009 reviews"
Bramalea City Centre,"25 Peel Centre Dr, Brampton, ON L6T 3R5, Canada",Closed. Opens at 11:00 am,bramaleacitycentre.ca,+1 905-793-9417,"P78H+66 Brampton, Ontario, Canada",4.3,"15,426 reviews"
ToysRUs,"150 West Dr, Brampton, ON L6T 4P9, Canada",Closed. Opens at 11:00 am,toysrus.ca,+1 905-454-8697,"P748+M5 Brampton, Ontario, Canada",4.1,9 reviews
Diana's Sweet Shop,"Game Creek Crescent, Brampton, ON L7A 0K3, Canada",Closed. Opens at 9:00 am,sites.google.com,+1 416-999-1241,"P5FG+89 Brampton, Ontario, Canada",5.0,2 reviews
Best Buy,"1195 Maple Ave, Milton, ON L9T 0A5, Canada",opening hr not provided,stores.bestbuy.ca,+1 905-693-8601,"G4QJ+GH Milton, Ontario, Canada",3.9,"1,062 reviews"
Footaction,"25 Peel Centre Dr Space 533, Brampton, ON L6T 3R5, Canada",opening hr not provided,stores.footaction.com,+1 905-793-9351,"P78H+58 Brampton, Ontario, Canada",3.8,16 reviews
Playmobil® Canada,"6430 Kennedy Rd Unit D, Mississauga, ON L5T 2Z5, Canada",opening hr not provided,playmobil.ca,+1 905-696-7529 ext. 231,"J8V9+75 Mississauga, Ontario, Canada",4.0,53 reviews
The Beat Goes On,"300 North Service Rd W, Oakville, ON L6M 2S2, Canada",Closed. Opens at 10:00 am,beatgoeson.com,+1 905-337-1919,"C7WV+FW Oakville, Ontario, Canada",4.4,49 reviews
Dave & Buster's,"2021 Winston Park Dr, Oakville, ON L6H 6P5, Canada",Closed. Opens at 12:00 pm,daveandbusters.com,+1 289-807-0300,"G85J+GR Oakville, Ontario, Canada",4.0,"3,211 reviews"
EBX,"Stone Road Mall, 435 Stone Rd W Unit L2, Guelph, ON N1G 2X6, Canada",opening hr not provided,ebgames.ca,+1 519-767-9882,"GQ96+5H Guelph, Ontario, Canada",4.1,145 reviews
Loblaws,"380 The East Mall, Etobicoke, ON M9B 6L5, Canada",opening hr not provided,loblaws.ca,+1 416-695-8990,"JCVQ+HV Etobicoke, Toronto, ON, Canada",4.2,"2,493 reviews"
TRAPPED Mississauga Escape Room,"2273 Dundas St W #5, Mississauga, ON L5K 2L8, Canada",Closed. Opens at 12:00 pm,trapped.ca,+1 905-997-6855,"G8JG+MV Mississauga, Ontario, Canada",4.4,121 reviews
EB Games,"355 Hespeler Rd, Cambridge, ON N1R 6B3, Canada",opening hr not provided,ebgames.ca,+1 519-740-4393,"9MVJ+F3 Cambridge, Ontario, Canada",4.2,169 reviews
Spielhaus Games & Puzzles ONLINE ONLY,"1187 St Clair Ave W, Toronto, ON M6E 1B5, Canada",Open now: Open 24 hours,website not available,+1 647-792-7114,"MHH4+2F Toronto, Ontario, Canada",4.7,181 reviews
Funny Bones Game Lounge + Café,"3029 Lake Shore Blvd W, Etobicoke, ON M8V 1K5, Canada",Closed. Opens at 12:00 pm,funnybonesto.com,+1 416-252-4263,"HFXR+WF Etobicoke, Toronto, ON, Canada",4.7,240 reviews
Queeriosity,adress not available,Open now: Open 24 hours,queeriosity.co,Phone not available,plus code available,5.0,6 reviews
Delta Bingo & Gaming,"1650 Dundas St E, Mississauga, ON L4X 2Z3, Canada",opening hr not provided,deltabingo.com,+1 905-615-8707,"JC7F+F9 Mississauga, Ontario, Canada",4.0,179 reviews
Acer,"5600 Explorer Dr #201, Mississauga, ON L4W 4Y2, Canada",Closed. Opens at 9:00 am,acer.com,+1 800-565-2237,"M95Q+FQ Mississauga, Ontario, Canada",3.0,14 reviews
Sweet Thrills,"399 Roncesvalles Ave, Toronto, ON M6R 2N1, Canada",Closed. Opens at 11:00 am,sweetthrills.ca,+1 416-535-9286,"MG2X+9P Toronto, Ontario, Canada",4.6,50 reviews
The Source,"1 Bass Pro Mills Dr #106, Concord, ON L4K 5W4, Canada",Closed. Opens at 11:00 am,thesource.ca,+1 905-760-8012,"RFG5+38 Vaughan, Ontario, Canada",3.8,123 reviews
Best Buy,"65 Dundas St W, Toronto, ON M5G 2C3, Canada",opening hr not provided,stores.bestbuy.ca,+1 416-642-8321,"MJ48+5X Toronto, Ontario, Canada",3.7,"3,678 reviews"
EB Games,"Fairview Park, 2960 Kingsway Drive, Unit G6, Kitchener, ON N2C 1X1, Canada",opening hr not provided,ebgames.ca,+1 519-894-3604,"CHF6+XJ Kitchener, Ontario, Canada",4.1,333 reviews
Hickory Farms,"25 Peel Centre Dr, Brampton, ON L6T 3R5, Canada",opening hr not provided,hickoryfarms.ca,+1 289-499-0450,"P78H+58 Brampton, Ontario, Canada",3.3,3 reviews
Chuck E. Cheese,"2945 Argentia Rd, Mississauga, ON L5N 0A2, Canada",opening hr not provided,locations.chuckecheese.com,+1 905-567-3383,"H6X8+WG Mississauga, Ontario, Canada",4.0,"1,736 reviews"
Chuck E. Cheese,"4141 Dixie Rd, Mississauga, ON L4W 1V5, Canada",opening hr not provided,locations.chuckecheese.com,+1 905-602-5502,"J9GV+GR Mississauga, Ontario, Canada",4.0,953 reviews
Mattel Canada,"6155 Freemont Blvd, Mississauga, ON, Canada",Closed. Opens at 8:00 am,corporate.mattel.com,+1 905-501-0404,"J8F6+5M Mississauga, Ontario, Canada",4.2,64 reviews
Snakes & Lattes College,"489 College St, Toronto, ON M6G 1A5, Canada",Closed today,snakesandlattes.com,+1 647-342-9229,"MH4R+C9 Toronto, Ontario, Canada",4.5,"2,981 reviews"
Aristocrat Technologies,"1715 Meyerside Dr, Mississauga, ON L5T 1C5, Canada",opening hr not provided,aristocrat.com,+1 289-562-0183,"M972+WC Mississauga, Ontario, Canada",review not available,not available
Mind Games,"17600 Yonge St, Newmarket, ON L3Y 4Z1, Canada",opening hr not provided,mindgames.ca,+1 905-235-8697,"3G47+CQ Newmarket, Ontario, Canada",3.9,13 reviews
