google_category,title,address,opening_hrs,website,phone,plus_code,review,total number of reviews
Toy store,Mastermind Toys,"9350 Yonge St, Richmond Hill, ON L4C 5G2",Opens at 11:00 a.m.,mastermindtoys.com,(905) 508-5001,"VH38+CG Richmond Hill, Ontario",4.4,156 reviews
Toy store,Samko and Miko Toy Warehouse,"60 East Beaver Creek Rd, Richmond Hill, ON L4B 1L3",Opens at 10:00 a.m.,samkotoys.ca,(905) 771-8714,"VJ4C+WR Richmond Hill, Ontario",4.1,483 reviews
Toy store,"TRADE IN, SELL OUT","670 Hwy 7, Richmond Hill, ON L4B 4R8",opening hr not provided,website not available,Phone not available,"RJWC+F7 Richmond Hill, Ontario",review not available,not available
Toy store,Bright Bean Toys,"50 West Wilmot St #7, Richmond Hill, ON L4B 1M5",Opens at 8:30 a.m.,brightbeantoys.com,+1 866-369-4022,"VJ27+PW Richmond Hill, Ontario",2.3,3 reviews
Toy store,Wireie International,"1 West Pearce St #505, Richmond Hill, ON L4B 3V2",opening hr not provided,wireie.com,(905) 882-4660,"RJX8+4C Richmond Hill, Ontario",review not available,not available
Toy store,Intercontinental Inc,"270 West Beaver Creek Rd, Richmond Hill, ON L4B 3Z1",opening hr not provided,ihg.com,(905) 762-1287,"RJW7+G3 Richmond Hill, Ontario",review not available,not available
Toy store,Prosonic Electronic Supplies Inc,"9033 Leslie St, Richmond Hill, ON L4B 4K3",opening hr not provided,website not available,(905) 886-6829,"RJX8+X7 Richmond Hill, Ontario",review not available,not available
Toy store,Toys and Stuff,adress not available,Opens at 10:00 a.m.,toysandstuff.net,+1 877-433-0931,plus code available,5.0,1 review
Childrens store,Once Upon A Child,"1285 Elgin Mills Rd E, Richmond Hill, ON L4S 0B5",opening hr not provided,onceuponachildrichmondhill.com,(905) 508-0005,"VHWW+CM Richmond Hill, Ontario",3.6,150 reviews
Electronics store,Golden Electronics,"9019 Bayview Ave, Richmond Hill, ON L4B 3M6",Opens at 11:30 a.m.,goldenelectronics.com,(905) 881-7328,"VH2R+8P Richmond Hill, Ontario",4.1,32 reviews
Toy store,slime maniacs,adress not available,Closed today,mastermind.com,(905) 236-4625,plus code available,3.7,3 reviews
E-commerce service,WizKidz.ca,"50 West Wilmot St #7, Richmond Hill, ON L4B 3K1",Opens at 8:30 a.m.,website not available,(905) 597-3593,"VJ46+HR Richmond Hill, Ontario",5.0,1 review
Trading card store,Epic Cards and Games,"10909 Yonge St, Richmond Hill, ON L4C 3E3",Closed,m.facebook.com,(905) 237-7188,"VHV5+R7 Richmond Hill, Ontario",3.6,78 reviews
Toy store,Toronto Toys,"337 John St, Thornhill, ON L3T 5W5",opening hr not provided,torontotoys.ca,+1 888-202-0277,"RJ94+JX Markham, Ontario",4.6,45 reviews
Toy store,ToysRUs,"300 Steeles Ave W, Thornhill, ON L4J 1A1",Closed,toysrus.ca,(905) 731-7093,"QHW9+PH Vaughan, Ontario",3.9,89 reviews
Toy store,Jerry's Toys,"7700 Bathurst St unit 11, Vaughan, ON L4J 7Y3",Opens at 10:00 a.m.,jerrys-toys.business.site,(416) 400-2153,"RG5X+X3 Vaughan, Ontario",4.6,22 reviews
Toy store,Toys and Stuff,"49 Glendale Rd, Thornhill, ON L3T 6Y4",Opens at 9:00 a.m.,toysandstuff.net,+1 877-433-0931,"RJJJ+C8 Markham, Ontario",review not available,not available
Electronics store,Elite Audio,"Richmond Hill, ON L4B 3Z1",Opens at 11:30 a.m.,eliteaudios.com,(905) 709-2068,"RJV6+QV Richmond Hill, Ontario",4.0,4 reviews
Toy store,Mastermind Toys,"650 Wellington St E, Aurora, ON L4G 0K3",Opens at 11:00 a.m.,mastermindtoys.com,(905) 841-9119,"2H43+9H Aurora, Ontario",4.4,133 reviews
Children's furniture store,West Coast Kids,"9350 Yonge St Unit J007, Richmond Hill, ON L4C 5G2",Opens at 10:00 a.m.,westcoastkids.ca,(905) 225-2288,"VH37+67 Richmond Hill, Ontario",3.7,146 reviews
Furniture store,United Canada Inc,"111 Granton Dr Unit 412, Richmond Hill, ON L4B 1L5",Opens at 9:00 a.m.,unitedcanadainc.com,+1 888-751-5999,"VJ56+PX Richmond Hill, Ontario",4.9,111 reviews
Toy store,Toy Square,"3255 Hwy 7 Unit 221, Markham, ON L3R 3P9",Opens at 12:30 p.m.,toys2.net,(905) 470-0007,"VM22+2X Markham, Ontario",4.6,58 reviews
Toy store,Bloxx Toys - Toronto,adress not available,Open now: Open 24 hours,bloxxtoys.com,Phone not available,plus code available,4.2,5 reviews
Toy store,Mastermind Toys,"2901 Bayview Ave, North York, ON M2K 1E6",Opens at 11:00 a.m.,mastermindtoys.com,(416) 227-0917,"QJ97+H8 North York, Toronto, ON",4.3,138 reviews
Toy store,4KidsWithLove,"1530 Major MacKenzie Dr W, Maple, ON L6A 0A9",opening hr not provided,website not available,(647) 345-7047,"VG66+J3 Vaughan, Ontario",review not available,not available
Toy store,Mindzai Markham,"3623 Hwy 7 #112, Markham, ON L3R 8X6",Opens at 11:00 a.m.,mindzai.ca,(905) 604-3881,"VM37+C3 Markham, Ontario",4.8,50 reviews
Toy store,Toys Toys Toys,"Vaughan Mills, 1 Bass Pro Mills Dr, Concord, ON L4K 5W4",Opens at 11:00 a.m.,website not available,(905) 738-5305,"RFG8+32 Vaughan, Ontario",3.4,99 reviews
Toy store,EverSum Trading LTD.,"30 Centurian Dr #101, Markham, ON L3R 8B1",opening hr not provided,ilikefashions.com,(647) 865-2296,"VJ3Q+8C Markham, Ontario",review not available,not available
Toy store,Bloxx Toys - Ontario,adress not available,Open now: Open 24 hours,bloxxtoys.com,Phone not available,plus code available,5.0,2 reviews
Childrens store,E Joy Shopping,adress not available,Open now: Open 24 hours,ejoyshopping.com,Phone not available,plus code available,5.0,1 review
Toy store,Mastermind Toys,"16 Famous Ave, Woodbridge, ON L4L 9M3",Opens at 11:00 a.m.,mastermindtoys.com,(905) 851-5150,"QFQ3+6V Vaughan, Ontario",4.4,105 reviews
Toy store,"Toys""R""Us","1 Bass Pro Mills Dr Unit C2, Concord, ON L4K 5W4",Closed,toysrus.ca,(905) 761-5298,"RFG7+HP Vaughan, Ontario",3.3,161 reviews
Toy store,"Toys""R""Us","UPPER CANADA MALL, 17600 Yonge St, Newmarket, ON L3Y 4Z1",Closed,toysrus.ca,(905) 895-0869,"3G47+WX Newmarket, Ontario",3.1,108 reviews
Toy store,Classic Toy,"2180 Hwy 7 W, Concord, ON L4K 1W6",opening hr not provided,classictoyco.com,(289) 597-7000,"RG23+X5 Vaughan, Ontario",review not available,not available
Toy store,Disney Store,"1 Bass Pro Mills Dr, Vaughan, ON L4K 5W4",opening hr not provided,stores.shopdisney.com,(905) 760-8111,"RFF6+W6 Vaughan, Ontario",4.4,338 reviews
Sports memorabilia store,Collectors Dreams,"10520 Yonge St #31, Richmond Hill, ON L4C 3C7",Opens at 11:00 a.m.,collectorsdreams.ca,(905) 508-6935,"VHM5+R8 Richmond Hill, Ontario",3.9,38 reviews
Lingerie store,Dick & Jane Romance Boutique,adress not available,Open now: Open 24 hours,dickandjane.ca,(905) 508-0110,plus code available,3.6,17 reviews
Toy store,Snoopy Boutique,"1 Canada's Wonderland Drive, Maple, ON L6A 1S6",opening hr not provided,canadaswonderland.com,(905) 832-7000,"RFQ3+CW Vaughan, Ontario",4.1,16 reviews
Toy store,toydonut,adress not available,opening hr not provided,toydonut.com,Phone not available,plus code available,5.0,7 reviews
Department store,Walmart Supercentre,"1070 Major Mackenzie Dr E A, Richmond Hill, ON L4S 1P3",opening hr not provided,walmart.ca,(905) 737-3457,"VHGR+WJ Richmond Hill, Ontario",4.0,"1,382 reviews"
Toy store,Avatar Toy Inc.,"4723 Steeles Ave E, Scarborough, ON M1V 4S5",opening hr not provided,website not available,Phone not available,"RMFX+RG Scarborough, Toronto, ON",3.0,1 review
Toy store,ToysRUs,"200 Windflower Gate, Woodbridge, ON L4L 9K8",Closed,toysrus.ca,(905) 265-8697,"QCRV+3V Vaughan, Ontario",4.0,254 reviews
Fashion accessories store,Claire's,"9350 Yonge St, Richmond Hill, ON L4C 5G2",opening hr not provided,stores.claires.com,(905) 508-7299,"VH47+CJ Richmond Hill, Ontario",3.9,30 reviews
Collectibles store,Planet X,"815 Major Mackenzie Dr E, Richmond Hill, ON L4C 9X2",Opens at 11:00 a.m.,eplanetx.com,(905) 883-9324,"VHGP+7C Richmond Hill, Ontario",4.3,72 reviews
Department store,Walmart Supercentre,"255 Silver Linden Dr, Richmond Hill, ON L4B 4V5",opening hr not provided,walmart.ca,(905) 747-0628,"RHRM+RJ Richmond Hill, Ontario",3.9,"3,369 reviews"
Toy store,Zibbers Inc,"620 Supertest Rd, North York, ON M3J 2M5",Opens at 10:00 a.m.,website not available,(416) 787-8516,"QGGF+G8 North York, Toronto, ON",3.0,2 reviews
Book store,Paper Pipit {A Wonder Shop},"9100 Bathurst St Unit 7, Thornhill, ON L4J 8C7",Opens at 10:00 a.m.,paperpipit.com,(905) 889-2066,"RGVR+5P Vaughan, Ontario",4.9,17 reviews
Book store,Indigo,"9350 Yonge St Unit # Y010, Richmond Hill, ON L4C 5G2",Opens at 11:00 a.m.,chapters.indigo.ca,(905) 508-9538,"VH47+9G Richmond Hill, Ontario",4.5,822 reviews
Toy store,Mastermind Toys,"Heritage, 8555 McCowan Rd, Unionville, ON L3P 1W9",Opens at 11:00 a.m.,mastermindtoys.com,(905) 294-9095,"VP98+H7 Markham, Ontario",4.2,271 reviews
Toy store,The Toy Guy Inc.,adress not available,Opens at 10:00 a.m.,toyguy.ca,(647) 216-2985,plus code available,review not available,not available
Craft store,Michaels,"20 John Birchall Rd #2, Richmond Hill, ON L4S 0B2",Opens at 10:00 a.m.,locationsca.michaels.com,(905) 780-7717,"WJ24+4V Richmond Hill, Ontario",4.1,948 reviews
Toy store,"Toys""R""Us","Markville Shopping Centre, 5000 Hwy 7, Markham, ON L3R 4M9",Closed,toysrus.ca,(905) 946-8697,"VP96+7M Markham, Ontario",3.2,130 reviews
Party store,Magen Toys,"30 Rivermede Rd #2, Concord, ON L4K 3N3",Opens at 9:00 a.m.,magentoys.ca,(905) 761-0076,"RG68+RR Vaughan, Ontario",5.0,4 reviews
Baby store,Bechimex Corporation,"1255 Reid St, Richmond Hill, ON L4B 1G1",Opens at 9:00 a.m.,bechimex.com,(905) 470-2688,"RJX7+VP Richmond Hill, Ontario",review not available,not available
Toy store,Gia Wellness,"116 Viceroy Rd, Concord, ON L4K 2M3",opening hr not provided,website not available,(416) 444-4425,"QGPF+X7 Vaughan, Ontario",review not available,not available
Art supply store,DeSerres,"9325 Yonge St, Richmond Hill, ON L4C 1V4",Opens at 11:00 a.m.,deserres.ca,(905) 780-1771,"VH49+CC Richmond Hill, Ontario",4.4,319 reviews
Toy store,Mind Games,"17600 Yonge St, Newmarket, ON L3Y 4Z1",opening hr not provided,mindgames.ca,(905) 235-8697,"3G47+CQ Newmarket, Ontario",3.9,13 reviews
Department store,Bed Bath & Beyond,"225 High Tech Rd Unit 1, Richmond Hill, ON L4B 0A6",Opens at 9:00 a.m.,stores.bedbathandbeyond.ca,(905) 762-1233,"RHRJ+PJ Richmond Hill, Ontario",3.9,775 reviews
Toy store,Toys R Us,"5500 York Regional Rd 7, Markham, ON L3P 1N4",opening hr not provided,toysrus.ca,(905) 946-8697,"VPCH+33 Markham, Ontario",5.0,1 review
Toy store,Disney Store,"17600 Yonge St, Newmarket, ON L3Y 4Z1",opening hr not provided,stores.shopdisney.com,(905) 836-0523,"3G48+F5 Newmarket, Ontario",4.4,196 reviews
Toy store,Chat-R Wireless,"1 Bass Pro Mills Dr, Concord, ON L4K 5W4",Closed,website not available,(905) 482-8480,"RFG6+5J Vaughan, Ontario",4.0,2 reviews
Toy store,Maplelea Canadian Girl Dolls,"619 Steven Ct Unit 6, Newmarket, ON L3Y 6Z3",opening hr not provided,maplelea.com,+1 800-668-4339,"2GQW+4Q Newmarket, Ontario",4.1,29 reviews
Toy store,Pennylane Trading International Ltd,"358 Flint Road, North York, ON M3J 2J4",opening hr not provided,website not available,(416) 661-7781,"QGCC+52 North York, Toronto, ON",5.0,1 review
Video game store,EB Games,"1070 Major Mackenzie Dr E, Richmond Hill, ON L4S 1P3",Opens at 10:00 a.m.,ebgames.ca,(905) 883-8060,"VHGP+VC Richmond Hill, Ontario",4.1,259 reviews
Hobby store,G Nation toys and hobbies,"148-4750 Yonge St, North York, ON M2N 0J6",Opens at 12:00 p.m.,website not available,(647) 979-5586,"QH5Q+WM North York, Toronto, ON",4.8,4 reviews
Second hand store,Value Village,"10620 Yonge St, Richmond Hill, ON L4C 3C8",Closed today,stores.savers.com,(905) 737-7444,"VHP5+C3 Richmond Hill, Ontario",3.9,989 reviews
Toy store,Mastermind Toys,"3350 Yonge St, Toronto, ON M4N 2M7",Opens at 10:00 a.m.,mastermindtoys.com,(416) 487-7177,"PHJW+R7 Toronto, Ontario",4.5,207 reviews
Toy store,VAVA Toronto,"5451 Yonge St, North York, ON M2N 5S1",opening hr not provided,vavatoronto.com,(416) 222-9888,"QHGP+W4 North York, Toronto, ON",4.1,55 reviews
Educational consultant,Logics Academy,"120 East Beaver Creek Rd Suite 200, Richmond Hill, ON L4B 4V1",Opens at 9:00 a.m.,logicsacademy.com,(905) 604-8445,"VJ3F+25 Richmond Hill, Ontario",5.0,1 review
Dollar store,Your Dollar Store With More,"10785 Leslie St, Richmond Hill, ON L4S 1N6",Opens at 9:30 a.m.,dollarstore.ca,(905) 780-0404,"WJ23+6M Richmond Hill, Ontario",3.8,270 reviews
Adult entertainment store,Aren't We Naughty Sex Toys Shop and Lingerie Store Toronto - Yonge,"5296 Yonge St, North York, ON M2N 5P7",Opens at 11:00 a.m.,arentwenaughty.com,(416) 733-9876,"QHFP+27 North York, Toronto, ON",3.9,21 reviews
